"행정구역(시도)","성별",2013.1/2,2013.1/2,2013.1/2,2013.1/2,2013.1/2,2013.1/2,2013.1/2,2013.1/2,2013.2/2,2013.2/2,2013.2/2,2013.2/2,2013.2/2,2013.2/2,2013.2/2,2013.2/2,2014.1/2,2014.1/2,2014.1/2,2014.1/2,2014.1/2,2014.1/2,2014.1/2,2014.1/2,2014.2/2,2014.2/2,2014.2/2,2014.2/2,2014.2/2,2014.2/2,2014.2/2,2014.2/2,2015.1/2,2015.1/2,2015.1/2,2015.1/2,2015.1/2,2015.1/2,2015.1/2,2015.1/2,2015.2/2,2015.2/2,2015.2/2,2015.2/2,2015.2/2,2015.2/2,2015.2/2,2015.2/2,2016.1/2,2016.1/2,2016.1/2,2016.1/2,2016.1/2,2016.1/2,2016.1/2,2016.1/2,2016.2/2,2016.2/2,2016.2/2,2016.2/2,2016.2/2,2016.2/2,2016.2/2,2016.2/2,2017.1/2,2017.1/2,2017.1/2,2017.1/2,2017.1/2,2017.1/2,2017.1/2,2017.1/2,2017.2/2,2017.2/2,2017.2/2,2017.2/2,2017.2/2,2017.2/2,2017.2/2,2017.2/2,2018.1/2,2018.1/2,2018.1/2,2018.1/2,2018.1/2,2018.1/2,2018.1/2,2018.1/2,2018.2/2,2018.2/2,2018.2/2,2018.2/2,2018.2/2,2018.2/2,2018.2/2,2018.2/2,2019.1/2,2019.1/2,2019.1/2,2019.1/2,2019.1/2,2019.1/2,2019.1/2,2019.1/2,2019.2/2,2019.2/2,2019.2/2,2019.2/2,2019.2/2,2019.2/2,2019.2/2,2019.2/2,2020.1/2,2020.1/2,2020.1/2,2020.1/2,2020.1/2,2020.1/2,2020.1/2,2020.1/2,2020.2/2,2020.2/2,2020.2/2,2020.2/2,2020.2/2,2020.2/2,2020.2/2,2020.2/2,2021.1/2,2021.1/2,2021.1/2,2021.1/2,2021.1/2,2021.1/2,2021.1/2,2021.1/2,2021.2/2,2021.2/2,2021.2/2,2021.2/2,2021.2/2,2021.2/2,2021.2/2,2021.2/2,2022.1/2,2022.1/2,2022.1/2,2022.1/2,2022.1/2,2022.1/2,2022.1/2,2022.1/2,2022.2/2,2022.2/2,2022.2/2,2022.2/2,2022.2/2,2022.2/2,2022.2/2,2022.2/2,2023.1/2,2023.1/2,2023.1/2,2023.1/2,2023.1/2,2023.1/2,2023.1/2,2023.1/2
"행정구역(시도)","성별",15세이상인구 (천명),경제활동인구 (천명),취업자 (천명),실업자 (천명),비경제활동인구 (천명),경제활동참가율 (％),고용률 (%),실업률 (％),15세이상인구 (천명),경제활동인구 (천명),취업자 (천명),실업자 (천명),비경제활동인구 (천명),경제활동참가율 (％),고용률 (%),실업률 (％),15세이상인구 (천명),경제활동인구 (천명),취업자 (천명),실업자 (천명),비경제활동인구 (천명),경제활동참가율 (％),고용률 (%),실업률 (％),15세이상인구 (천명),경제활동인구 (천명),취업자 (천명),실업자 (천명),비경제활동인구 (천명),경제활동참가율 (％),고용률 (%),실업률 (％),15세이상인구 (천명),경제활동인구 (천명),취업자 (천명),실업자 (천명),비경제활동인구 (천명),경제활동참가율 (％),고용률 (%),실업률 (％),15세이상인구 (천명),경제활동인구 (천명),취업자 (천명),실업자 (천명),비경제활동인구 (천명),경제활동참가율 (％),고용률 (%),실업률 (％),15세이상인구 (천명),경제활동인구 (천명),취업자 (천명),실업자 (천명),비경제활동인구 (천명),경제활동참가율 (％),고용률 (%),실업률 (％),15세이상인구 (천명),경제활동인구 (천명),취업자 (천명),실업자 (천명),비경제활동인구 (천명),경제활동참가율 (％),고용률 (%),실업률 (％),15세이상인구 (천명),경제활동인구 (천명),취업자 (천명),실업자 (천명),비경제활동인구 (천명),경제활동참가율 (％),고용률 (%),실업률 (％),15세이상인구 (천명),경제활동인구 (천명),취업자 (천명),실업자 (천명),비경제활동인구 (천명),경제활동참가율 (％),고용률 (%),실업률 (％),15세이상인구 (천명),경제활동인구 (천명),취업자 (천명),실업자 (천명),비경제활동인구 (천명),경제활동참가율 (％),고용률 (%),실업률 (％),15세이상인구 (천명),경제활동인구 (천명),취업자 (천명),실업자 (천명),비경제활동인구 (천명),경제활동참가율 (％),고용률 (%),실업률 (％),15세이상인구 (천명),경제활동인구 (천명),취업자 (천명),실업자 (천명),비경제활동인구 (천명),경제활동참가율 (％),고용률 (%),실업률 (％),15세이상인구 (천명),경제활동인구 (천명),취업자 (천명),실업자 (천명),비경제활동인구 (천명),경제활동참가율 (％),고용률 (%),실업률 (％),15세이상인구 (천명),경제활동인구 (천명),취업자 (천명),실업자 (천명),비경제활동인구 (천명),경제활동참가율 (％),고용률 (%),실업률 (％),15세이상인구 (천명),경제활동인구 (천명),취업자 (천명),실업자 (천명),비경제활동인구 (천명),경제활동참가율 (％),고용률 (%),실업률 (％),15세이상인구 (천명),경제활동인구 (천명),취업자 (천명),실업자 (천명),비경제활동인구 (천명),경제활동참가율 (％),고용률 (%),실업률 (％),15세이상인구 (천명),경제활동인구 (천명),취업자 (천명),실업자 (천명),비경제활동인구 (천명),경제활동참가율 (％),고용률 (%),실업률 (％),15세이상인구 (천명),경제활동인구 (천명),취업자 (천명),실업자 (천명),비경제활동인구 (천명),경제활동참가율 (％),고용률 (%),실업률 (％),15세이상인구 (천명),경제활동인구 (천명),취업자 (천명),실업자 (천명),비경제활동인구 (천명),경제활동참가율 (％),고용률 (%),실업률 (％),15세이상인구 (천명),경제활동인구 (천명),취업자 (천명),실업자 (천명),비경제활동인구 (천명),경제활동참가율 (％),고용률 (%),실업률 (％)
"계","계",42198,26149,25322,827,16049,62.0,60.0,3.2,42444,26523,25798,724,15921,62.5,60.8,2.7,42697,27018,25985,1033,15679,63.3,60.9,3.8,42929,27108,26247,861,15821,63.1,61.1,3.2,43157,27204,26153,1051,15953,63.0,60.6,3.9,43357,27359,26519,840,15998,63.1,61.2,3.1,43537,27398,26325,1074,16138,62.9,60.5,3.9,43704,27666,26746,920,16038,63.3,61.2,3.3,43871,27912,26744,1167,15960,63.6,61.0,4.2,44015,27920,27026,894,16095,63.4,61.4,3.2,44122,28029,26868,1161,16093,63.5,60.9,4.1,44262,28063,27090,973,16199,63.4,61.2,3.5,44444,28284,27038,1245,16160,63.6,60.8,4.4,44601,28373,27509,864,16228,63.6,61.7,3.0,44725,27734,26562,1172,16991,62.0,59.4,4.2,44853,28117,27088,1028,16736,62.7,60.4,3.7,45027,28361,27214,1147,16667,63.0,60.4,4.0,45148,28528,27741,788,16620,63.2,61.4,2.8,45234,28942,28078,864,16291,64.0,62.1,3.0,45302,29110,28418,692,16192,64.3,62.7,2.4,45372,29237,28432,805,16135,64.4,62.7,2.8
"계","남자",20670,15252,14748,504,5418,73.8,71.3,3.3,20802,15418,14965,453,5384,74.1,71.9,2.9,20937,15694,15095,599,5244,75.0,72.1,3.8,21058,15717,15199,518,5342,74.6,72.2,3.3,21181,15787,15192,596,5393,74.5,71.7,3.8,21281,15778,15285,493,5503,74.1,71.8,3.1,21367,15816,15191,626,5550,74.0,71.1,4.0,21450,15942,15410,532,5509,74.3,71.8,3.3,21543,16068,15378,691,5475,74.6,71.4,4.3,21616,16015,15469,546,5602,74.1,71.6,3.4,21664,16073,15391,682,5591,74.2,71.0,4.2,21743,16037,15462,575,5706,73.8,71.1,3.6,21855,16167,15420,747,5688,74.0,70.6,4.6,21943,16125,15606,520,5818,73.5,71.1,3.2,22000,15912,15237,675,6089,72.3,69.3,4.2,22067,16060,15456,605,6007,72.8,70.0,3.8,22175,16167,15514,653,6008,72.9,70.0,4.0,22226,16187,15730,457,6039,72.8,70.8,2.8,22261,16392,15933,459,5868,73.6,71.6,2.8,22294,16463,16068,395,5831,73.8,72.1,2.4,22342,16402,15943,460,5940,73.4,71.4,2.8
"계","여자",21528,10897,10575,323,10631,50.6,49.1,3.0,21642,11105,10833,271,10538,51.3,50.1,2.4,21760,11325,10891,434,10435,52.0,50.0,3.8,21871,11391,11048,343,10480,52.1,50.5,3.0,21976,11417,10962,455,10560,51.9,49.9,4.0,22076,11581,11234,347,10495,52.5,50.9,3.0,22170,11582,11134,448,10588,52.2,50.2,3.9,22254,11725,11336,388,10529,52.7,50.9,3.3,22328,11843,11366,477,10485,53.0,50.9,4.0,22398,11905,11558,347,10493,53.2,51.6,2.9,22458,11956,11477,479,10503,53.2,51.1,4.0,22519,12026,11628,398,10493,53.4,51.6,3.3,22589,12117,11619,498,10472,53.6,51.4,4.1,22658,12248,11903,345,10410,54.1,52.5,2.8,22724,11822,11325,497,10902,52.0,49.8,4.2,22785,12056,11633,423,10729,52.9,51.1,3.5,22853,12194,11699,494,10659,53.4,51.2,4.1,22923,12341,12011,331,10581,53.8,52.4,2.7,22973,12550,12145,405,10423,54.6,52.9,3.2,23009,12648,12350,298,10361,55.0,53.7,2.4,23030,12835,12490,345,10195,55.7,54.2,2.7
"서울특별시","계",8587,5343,5117,226,3244,62.2,59.6,4.2,8596,5393,5209,184,3203,62.7,60.6,3.4,8609,5476,5210,266,3133,63.6,60.5,4.9,8615,5463,5220,243,3152,63.4,60.6,4.4,8618,5393,5139,254,3225,62.6,59.6,4.7,8603,5348,5157,191,3255,62.2,59.9,3.6,8590,5328,5098,229,3263,62.0,59.3,4.3,8572,5402,5184,218,3170,63.0,60.5,4.0,8562,5405,5132,272,3158,63.1,59.9,5.0,8549,5385,5161,224,3163,63.0,60.4,4.2,8533,5363,5098,266,3169,62.9,59.7,5.0,8504,5277,5055,222,3227,62.1,59.4,4.2,8481,5329,5052,277,3152,62.8,59.6,5.2,8475,5335,5143,192,3141,62.9,60.7,3.6,8506,5267,4986,281,3239,61.9,58.6,5.3,8529,5290,5048,242,3239,62.0,59.2,4.6,8538,5326,5057,268,3212,62.4,59.2,5.0,8525,5298,5074,224,3227,62.1,59.5,4.2,8477,5326,5120,206,3151,62.8,60.4,3.9,8447,5268,5107,161,3180,62.4,60.5,3.1,8466,5294,5147,147,3172,62.5,60.8,2.8
"서울특별시","남자",4131,3000,2878,122,1131,72.6,69.7,4.1,4134,3033,2920,113,1101,73.4,70.6,3.7,4138,3082,2938,145,1056,74.5,71.0,4.7,4139,3056,2922,134,1083,73.8,70.6,4.4,4138,3029,2880,149,1109,73.2,69.6,4.9,4127,2998,2891,107,1128,72.7,70.1,3.6,4123,2973,2845,128,1150,72.1,69.0,4.3,4109,3002,2881,121,1108,73.0,70.1,4.0,4102,3006,2855,151,1096,73.3,69.6,5.0,4091,2969,2847,122,1122,72.6,69.6,4.1,4078,2952,2806,145,1127,72.4,68.8,4.9,4061,2874,2760,114,1187,70.8,68.0,4.0,4047,2921,2761,160,1126,72.2,68.2,5.5,4040,2886,2775,110,1154,71.4,68.7,3.8,4050,2863,2721,142,1187,70.7,67.2,5.0,4057,2871,2743,127,1186,70.8,67.6,4.4,4060,2881,2743,138,1179,71.0,67.6,4.8,4048,2858,2726,133,1189,70.6,67.3,4.6,4024,2882,2764,118,1142,71.6,68.7,4.1,4007,2849,2760,89,1158,71.1,68.9,3.1,4017,2837,2771,66,1180,70.6,69.0,2.3
"서울특별시","여자",4456,2343,2239,104,2113,52.6,50.3,4.4,4462,2360,2289,71,2102,52.9,51.3,3.0,4471,2394,2273,121,2077,53.5,50.8,5.1,4477,2407,2298,109,2069,53.8,51.3,4.5,4480,2364,2259,105,2116,52.8,50.4,4.4,4476,2350,2266,84,2127,52.5,50.6,3.6,4468,2355,2253,102,2113,52.7,50.4,4.3,4463,2400,2303,97,2063,53.8,51.6,4.1,4461,2399,2277,122,2062,53.8,51.0,5.1,4458,2416,2314,102,2041,54.2,51.9,4.2,4454,2412,2291,120,2043,54.1,51.4,5.0,4443,2403,2295,108,2040,54.1,51.6,4.5,4434,2408,2291,117,2026,54.3,51.7,4.9,4435,2449,2367,82,1986,55.2,53.4,3.3,4456,2404,2265,139,2052,53.9,50.8,5.8,4472,2419,2305,114,2053,54.1,51.5,4.7,4478,2445,2314,131,2033,54.6,51.7,5.4,4477,2440,2349,91,2038,54.5,52.5,3.7,4453,2444,2356,88,2009,54.9,52.9,3.6,4440,2418,2347,72,2022,54.5,52.8,3.0,4449,2457,2376,81,1992,55.2,53.4,3.3
"부산광역시","계",2974,1753,1683,70,1221,58.9,56.6,4.0,2978,1724,1664,60,1254,57.9,55.9,3.5,2983,1764,1684,79,1219,59.1,56.5,4.5,2987,1770,1708,61,1217,59.2,57.2,3.5,2992,1768,1684,84,1224,59.1,56.3,4.8,2995,1751,1694,57,1245,58.4,56.6,3.2,3002,1764,1697,67,1238,58.8,56.5,3.8,3000,1744,1684,60,1256,58.1,56.1,3.4,2995,1777,1688,89,1217,59.4,56.4,5.0,2988,1748,1683,66,1240,58.5,56.3,3.8,2979,1729,1653,76,1250,58.0,55.5,4.4,2970,1736,1677,59,1234,58.4,56.5,3.4,2963,1742,1661,81,1221,58.8,56.1,4.6,2956,1755,1703,52,1201,59.4,57.6,2.9,2950,1685,1601,84,1265,57.1,54.3,5.0,2945,1710,1651,59,1235,58.1,56.1,3.5,2950,1721,1658,64,1229,58.3,56.2,3.7,2948,1709,1664,44,1240,58.0,56.5,2.6,2943,1707,1664,43,1236,58.0,56.5,2.5,2934,1741,1691,49,1193,59.3,57.7,2.8,2932,1755,1695,60,1177,59.9,57.8,3.4
"부산광역시","남자",1432,1011,966,45,421,70.6,67.5,4.4,1435,989,947,42,446,68.9,66.0,4.2,1438,1025,971,54,412,71.3,67.5,5.3,1440,1020,979,40,420,70.8,68.0,3.9,1442,1017,969,48,425,70.5,67.2,4.7,1443,985,952,33,458,68.2,66.0,3.3,1447,993,955,38,454,68.6,66.0,3.9,1445,1004,966,38,441,69.5,66.9,3.8,1443,1005,954,51,438,69.7,66.1,5.1,1439,1004,971,33,435,69.8,67.5,3.3,1433,984,944,40,449,68.7,65.9,4.1,1429,980,939,41,449,68.6,65.7,4.2,1426,976,927,49,450,68.5,65.0,5.0,1422,964,936,28,458,67.8,65.8,2.9,1416,930,880,50,486,65.7,62.1,5.4,1413,953,916,37,459,67.5,64.8,3.9,1415,954,921,33,461,67.5,65.1,3.5,1412,954,927,28,458,67.6,65.6,2.9,1411,954,931,22,458,67.6,66.0,2.3,1406,973,946,27,433,69.2,67.3,2.7,1406,980,946,35,426,69.7,67.2,3.5
"부산광역시","여자",1542,742,717,26,799,48.1,46.5,3.5,1544,735,717,18,808,47.6,46.5,2.5,1545,738,713,25,807,47.8,46.2,3.4,1548,750,729,21,797,48.5,47.1,2.8,1550,751,715,37,799,48.4,46.1,4.9,1552,766,742,24,787,49.3,47.8,3.1,1555,771,742,29,784,49.6,47.7,3.7,1554,740,718,22,814,47.6,46.2,3.0,1552,772,735,37,780,49.8,47.4,4.8,1549,745,712,33,805,48.1,45.9,4.4,1546,745,710,35,801,48.2,45.9,4.8,1541,756,738,18,785,49.1,47.9,2.4,1537,766,734,32,772,49.8,47.7,4.1,1534,791,767,24,744,51.5,50.0,3.0,1533,755,721,34,779,49.2,47.0,4.5,1532,757,735,22,775,49.4,48.0,2.9,1535,767,736,31,768,50.0,48.0,4.0,1536,754,738,17,781,49.1,48.0,2.2,1532,753,732,21,778,49.2,47.8,2.8,1528,768,745,23,760,50.3,48.8,3.0,1526,775,750,25,751,50.8,49.1,3.3
"대구광역시","계",2077,1243,1204,39,834,59.8,58.0,3.1,2083,1249,1211,39,834,60.0,58.1,3.1,2088,1274,1223,51,815,61.0,58.6,4.0,2092,1272,1230,42,820,60.8,58.8,3.3,2096,1285,1238,47,811,61.3,59.1,3.7,2098,1286,1248,39,811,61.3,59.5,3.0,2102,1298,1238,60,804,61.8,58.9,4.6,2104,1300,1253,47,804,61.8,59.6,3.6,2107,1307,1249,58,800,62.0,59.3,4.4,2109,1274,1224,50,835,60.4,58.0,3.9,2107,1295,1225,70,812,61.5,58.1,5.4,2105,1294,1244,50,812,61.5,59.1,3.8,2106,1279,1220,59,827,60.7,57.9,4.6,2103,1261,1223,38,842,60.0,58.1,3.0,2093,1179,1131,49,914,56.3,54.0,4.1,2086,1253,1204,49,833,60.0,57.7,3.9,2091,1275,1217,58,816,61.0,58.2,4.6,2089,1260,1232,28,829,60.3,59.0,2.2,2080,1266,1226,40,814,60.8,58.9,3.2,2072,1263,1234,30,809,61.0,59.5,2.3,2075,1281,1236,45,794,61.7,59.6,3.5
"대구광역시","남자",1005,707,680,27,298,70.3,67.6,3.8,1009,712,691,21,297,70.6,68.5,2.9,1012,732,707,25,280,72.3,69.8,3.4,1015,725,700,25,289,71.5,69.0,3.4,1017,734,709,25,283,72.2,69.7,3.4,1018,747,726,21,271,73.4,71.3,2.8,1020,743,711,32,277,72.8,69.7,4.3,1020,732,702,30,288,71.8,68.8,4.1,1022,732,696,35,290,71.6,68.1,4.8,1022,711,680,30,312,69.5,66.6,4.2,1021,717,672,45,304,70.2,65.8,6.3,1020,720,686,34,300,70.6,67.3,4.7,1021,725,689,35,296,71.0,67.5,4.9,1019,720,696,24,299,70.6,68.3,3.3,1013,688,656,32,325,67.9,64.7,4.6,1008,715,687,29,293,70.9,68.1,4.0,1011,724,691,33,287,71.6,68.3,4.6,1009,712,697,16,297,70.6,69.0,2.2,1006,717,698,20,288,71.3,69.4,2.7,1001,708,691,17,294,70.6,69.0,2.3,1004,710,685,25,294,70.7,68.3,3.5
"대구광역시","여자",1072,536,525,12,536,50.0,48.9,2.2,1074,537,520,18,537,50.0,48.4,3.3,1076,542,516,25,535,50.3,48.0,4.7,1078,547,530,17,531,50.8,49.2,3.2,1079,551,529,22,528,51.1,49.0,4.0,1080,540,522,18,540,50.0,48.4,3.3,1082,555,527,28,527,51.3,48.7,5.1,1083,568,551,17,516,52.4,50.8,3.1,1085,575,552,23,510,53.0,50.9,3.9,1086,563,543,20,523,51.8,50.0,3.5,1086,578,553,25,508,53.3,51.0,4.3,1085,574,558,16,512,52.9,51.4,2.8,1085,554,530,24,531,51.1,48.9,4.3,1084,541,527,15,543,49.9,48.6,2.7,1080,492,475,17,589,45.5,44.0,3.4,1078,538,517,20,540,49.9,48.0,3.8,1080,551,526,25,528,51.1,48.7,4.6,1080,548,536,12,532,50.7,49.6,2.2,1074,548,528,20,526,51.0,49.2,3.7,1071,556,543,13,515,51.9,50.7,2.3,1071,571,551,20,500,53.3,51.4,3.5
"인천광역시","계",2354,1515,1453,62,839,64.4,61.7,4.1,2375,1533,1478,56,842,64.6,62.2,3.6,2396,1556,1487,69,839,65.0,62.1,4.4,2412,1535,1473,62,877,63.6,61.1,4.0,2427,1568,1483,85,859,64.6,61.1,5.4,2442,1580,1507,73,862,64.7,61.7,4.6,2456,1605,1522,83,851,65.4,62.0,5.2,2469,1598,1527,70,871,64.7,61.9,4.4,2481,1607,1523,85,873,64.8,61.4,5.3,2492,1622,1560,62,870,65.1,62.6,3.8,2498,1642,1562,80,856,65.7,62.5,4.9,2509,1643,1581,62,866,65.5,63.0,3.8,2524,1665,1583,82,860,65.9,62.7,4.9,2535,1648,1584,63,888,65.0,62.5,3.8,2541,1626,1546,80,915,64.0,60.8,4.9,2546,1633,1561,72,914,64.1,61.3,4.4,2548,1647,1562,85,901,64.6,61.3,5.2,2549,1620,1579,41,929,63.5,61.9,2.5,2566,1645,1590,55,922,64.1,62.0,3.3,2588,1687,1645,41,901,65.2,63.6,2.5,2613,1704,1647,57,909,65.2,63.0,3.3
"인천광역시","남자",1163,881,840,41,283,75.7,72.2,4.6,1174,895,861,34,279,76.2,73.4,3.7,1184,906,864,41,278,76.5,73.0,4.5,1191,888,856,32,304,74.5,71.9,3.5,1199,921,863,58,277,76.9,72.0,6.3,1206,919,874,44,287,76.2,72.5,4.8,1211,926,874,52,285,76.4,72.2,5.6,1218,938,899,39,280,77.0,73.8,4.2,1224,942,889,53,282,76.9,72.6,5.6,1230,933,890,43,296,75.9,72.4,4.7,1233,942,899,43,291,76.4,72.9,4.5,1239,940,907,33,299,75.9,73.2,3.6,1247,949,904,45,298,76.1,72.4,4.8,1254,939,901,38,315,74.9,71.9,4.0,1256,935,891,43,322,74.4,70.9,4.6,1259,928,885,43,330,73.8,70.3,4.6,1260,943,891,52,317,74.9,70.8,5.5,1259,937,913,24,323,74.4,72.5,2.6,1268,946,914,32,322,74.6,72.1,3.4,1279,955,928,27,324,74.7,72.6,2.8,1293,965,931,34,328,74.7,72.0,3.6
"인천광역시","여자",1191,634,613,21,557,53.3,51.5,3.4,1202,639,617,22,563,53.2,51.3,3.5,1212,651,623,28,561,53.7,51.4,4.3,1221,648,617,31,573,53.1,50.6,4.7,1229,647,620,27,582,52.6,50.4,4.2,1236,662,633,29,575,53.5,51.2,4.4,1244,679,648,31,565,54.6,52.1,4.6,1251,660,629,31,591,52.7,50.3,4.7,1256,666,634,32,591,53.0,50.4,4.8,1262,688,670,18,573,54.6,53.1,2.6,1266,701,663,38,565,55.4,52.4,5.4,1271,703,674,29,567,55.3,53.1,4.1,1277,716,680,36,561,56.0,53.2,5.1,1282,709,683,26,573,55.3,53.3,3.7,1285,692,655,37,593,53.8,51.0,5.3,1288,704,675,29,584,54.7,52.4,4.1,1288,704,670,33,584,54.6,52.0,4.7,1290,683,666,17,606,53.0,51.7,2.5,1298,698,676,23,600,53.8,52.1,3.2,1309,732,717,15,577,55.9,54.8,2.0,1320,739,716,23,582,55.9,54.2,3.1
"광주광역시","계",1232,727,703,25,505,59.0,57.0,3.4,1237,737,718,19,501,59.5,58.0,2.6,1242,757,735,22,485,60.9,59.2,2.8,1247,748,731,17,499,60.0,58.6,2.3,1252,750,725,24,502,59.9,57.9,3.2,1255,757,736,21,498,60.3,58.6,2.8,1257,748,727,22,509,59.5,57.8,2.9,1258,755,733,23,503,60.0,58.2,3.0,1260,769,741,28,491,61.0,58.8,3.7,1260,767,748,20,493,60.9,59.3,2.6,1261,791,755,36,469,62.8,59.9,4.6,1262,778,753,25,484,61.6,59.7,3.2,1264,779,745,35,485,61.7,58.9,4.5,1266,783,762,21,483,61.8,60.2,2.7,1272,769,737,32,504,60.4,57.9,4.2,1277,780,749,31,497,61.1,58.6,4.0,1280,779,751,28,501,60.9,58.6,3.6,1280,768,750,18,512,60.0,58.6,2.3,1279,767,744,22,513,59.9,58.2,2.9,1279,780,762,18,499,61.0,59.6,2.4,1280,793,770,22,487,61.9,60.2,2.8
"광주광역시","남자",597,417,402,16,180,69.9,67.2,3.8,600,416,401,14,185,69.2,66.8,3.4,603,428,416,12,175,71.0,69.0,2.8,606,432,420,12,174,71.3,69.4,2.7,608,434,421,13,175,71.3,69.2,3.0,610,431,418,13,180,70.6,68.5,2.9,610,431,419,12,179,70.7,68.7,2.8,611,438,423,15,173,71.7,69.3,3.4,612,433,417,17,179,70.8,68.1,3.8,612,429,415,14,183,70.0,67.8,3.2,612,443,419,24,169,72.3,68.5,5.3,614,436,422,14,177,71.1,68.8,3.3,615,441,419,22,174,71.7,68.1,5.0,617,438,426,13,179,71.0,69.0,2.8,620,431,411,20,189,69.5,66.3,4.5,622,431,413,18,191,69.2,66.4,4.1,624,437,422,15,187,70.0,67.6,3.4,624,431,421,10,193,69.0,67.4,2.4,624,432,421,11,191,69.3,67.5,2.6,623,434,423,10,190,69.6,67.9,2.4,624,431,418,13,193,69.0,67.0,3.0
"광주광역시","여자",635,310,301,9,325,48.8,47.4,2.8,637,321,317,5,316,50.4,49.7,1.5,639,329,319,9,310,51.4,49.9,2.9,641,316,311,6,325,49.4,48.5,1.8,643,316,304,11,328,49.1,47.3,3.6,645,327,318,9,319,50.6,49.3,2.6,646,317,307,9,330,49.0,47.6,3.0,647,317,309,8,330,49.0,47.8,2.5,648,336,324,12,312,51.8,50.0,3.5,648,339,333,6,310,52.2,51.3,1.7,648,348,336,13,300,53.7,51.8,3.7,648,342,331,10,307,52.7,51.1,3.0,649,338,326,13,310,52.2,50.2,3.7,649,345,336,9,305,53.1,51.8,2.5,652,338,325,13,315,51.8,49.9,3.7,654,349,336,14,305,53.3,51.3,3.9,656,342,328,14,314,52.1,50.1,4.0,656,337,330,7,319,51.4,50.3,2.2,656,334,323,11,322,51.0,49.3,3.2,656,346,339,8,309,52.8,51.6,2.3,655,362,352,10,294,55.2,53.7,2.6
"대전광역시","계",1274,755,730,25,519,59.3,57.3,3.3,1280,763,747,16,518,59.6,58.4,2.0,1287,786,756,31,501,61.1,58.7,3.9,1290,799,779,20,491,62.0,60.4,2.5,1290,800,767,33,491,62.0,59.4,4.1,1291,799,778,21,492,61.9,60.3,2.6,1295,801,775,26,494,61.8,59.8,3.2,1296,803,779,24,493,62.0,60.1,2.9,1296,794,766,29,502,61.3,59.1,3.6,1296,790,763,26,506,60.9,58.9,3.3,1293,797,760,37,496,61.6,58.8,4.6,1291,794,762,32,497,61.5,59.0,4.0,1291,796,755,42,495,61.7,58.4,5.2,1291,814,788,26,477,63.1,61.0,3.2,1287,809,768,41,478,62.9,59.7,5.1,1285,812,790,22,473,63.2,61.5,2.7,1288,809,775,34,479,62.8,60.2,4.2,1289,816,795,21,473,63.3,61.7,2.5,1288,805,787,18,483,62.5,61.1,2.3,1288,819,807,12,470,63.6,62.6,1.4,1292,816,795,21,476,63.2,61.5,2.6
"대전광역시","남자",624,442,425,17,182,70.9,68.2,3.8,627,451,440,10,177,71.8,70.2,2.3,631,458,439,20,173,72.6,69.6,4.2,632,471,457,14,162,74.4,72.2,2.9,633,463,445,18,169,73.2,70.3,4.0,633,461,447,14,172,72.8,70.6,3.0,637,453,441,13,183,71.2,69.2,2.8,637,458,444,14,179,71.9,69.7,3.1,638,457,440,17,181,71.6,69.0,3.7,637,453,437,16,184,71.1,68.6,3.5,636,452,432,20,184,71.1,67.9,4.5,635,449,428,21,186,70.7,67.4,4.7,636,458,434,25,178,72.1,68.2,5.4,636,465,448,18,170,73.2,70.4,3.8,634,463,438,24,172,72.9,69.1,5.2,633,457,445,13,176,72.2,70.2,2.8,636,457,439,18,179,71.9,69.1,3.9,636,467,455,12,169,73.4,71.6,2.5,635,460,453,8,174,72.5,71.3,1.7,635,466,461,5,169,73.4,72.6,1.0,637,461,447,14,176,72.3,70.2,2.9
"대전광역시","여자",650,313,305,8,337,48.2,46.9,2.6,653,312,307,5,341,47.8,47.0,1.6,656,328,317,11,328,50.0,48.3,3.5,658,329,322,7,329,50.0,49.0,2.0,657,336,322,14,321,51.1,49.0,4.3,658,338,331,7,320,51.4,50.3,2.1,658,348,334,13,311,52.8,50.8,3.8,659,345,335,9,314,52.3,50.9,2.7,659,338,326,12,321,51.2,49.4,3.5,659,336,326,10,323,51.0,49.5,3.1,658,345,329,17,313,52.5,50.0,4.8,656,345,334,11,311,52.6,50.9,3.1,656,338,321,17,317,51.6,49.0,5.0,655,349,340,9,306,53.3,52.0,2.4,653,347,330,17,306,53.1,50.5,4.9,652,354,345,9,297,54.4,53.0,2.6,653,352,336,16,300,54.0,51.5,4.5,653,349,340,9,304,53.5,52.1,2.6,653,345,334,10,309,52.8,51.2,3.0,653,353,346,7,300,54.0,53.0,2.0,654,355,347,7,299,54.2,53.1,2.1
"울산광역시","계",934,569,560,9,365,60.9,60.0,1.5,943,568,555,13,375,60.3,58.8,2.4,952,582,564,18,369,61.2,59.3,3.1,960,567,553,14,393,59.1,57.6,2.4,968,589,570,19,379,60.9,58.9,3.2,973,592,579,14,381,60.8,59.5,2.3,976,595,574,22,380,61.0,58.8,3.6,977,607,585,22,370,62.2,59.9,3.7,977,605,583,22,372,61.9,59.7,3.6,976,606,585,21,371,62.0,59.9,3.4,974,607,571,36,367,62.3,58.6,5.9,971,604,576,28,367,62.2,59.3,4.7,968,600,569,31,368,62.0,58.8,5.2,965,595,576,19,370,61.6,59.7,3.2,965,576,552,24,388,59.7,57.2,4.2,964,581,560,21,383,60.3,58.1,3.7,963,571,553,19,391,59.4,57.4,3.2,960,581,564,17,379,60.6,58.8,3.0,957,583,561,22,374,60.9,58.6,3.7,955,590,573,17,365,61.8,60.0,2.9,957,592,572,20,365,61.9,59.7,3.4
"울산광역시","남자",476,371,366,4,106,77.8,76.9,1.2,481,376,368,9,105,78.2,76.4,2.3,486,383,373,10,103,78.7,76.7,2.6,491,377,366,11,114,76.9,74.5,3.0,495,385,374,12,110,77.8,75.5,3.0,498,382,375,7,116,76.7,75.2,1.9,499,379,366,12,120,75.9,73.5,3.3,499,385,368,17,114,77.2,73.8,4.3,499,380,365,15,119,76.1,73.1,4.0,499,377,362,15,122,75.6,72.6,4.0,497,377,354,23,121,75.8,71.2,6.0,495,370,350,20,126,74.7,70.6,5.4,494,368,348,20,126,74.5,70.6,5.3,492,363,352,11,129,73.7,71.4,3.1,492,361,347,14,131,73.3,70.4,3.9,492,364,352,12,128,74.0,71.5,3.3,492,348,337,11,145,70.6,68.5,3.1,491,354,343,12,137,72.1,69.8,3.3,491,357,345,12,133,72.8,70.4,3.4,489,360,349,11,129,73.7,71.3,3.2,491,358,346,12,133,72.9,70.5,3.4
"울산광역시","여자",458,199,194,4,259,43.4,42.4,2.2,462,192,187,5,270,41.6,40.6,2.4,466,200,192,8,266,42.9,41.1,4.2,469,190,188,3,279,40.5,40.0,1.3,473,204,196,7,269,43.1,41.6,3.6,475,211,204,6,265,44.3,43.0,3.0,477,217,207,9,260,45.4,43.5,4.3,478,222,216,6,256,46.5,45.3,2.5,478,225,218,7,253,47.1,45.7,2.9,477,229,223,6,249,47.9,46.7,2.6,477,230,217,13,247,48.3,45.5,5.8,476,234,226,8,241,49.3,47.5,3.6,474,232,221,12,242,49.0,46.5,4.9,473,232,225,8,241,49.1,47.5,3.3,473,216,206,10,257,45.6,43.5,4.7,472,217,208,10,255,46.0,44.0,4.4,471,224,216,8,247,47.6,45.9,3.5,469,227,221,6,242,48.4,47.2,2.5,467,226,216,10,241,48.4,46.3,4.2,466,230,224,6,236,49.4,48.2,2.4,466,234,226,8,232,50.2,48.5,3.4
"세종특별자치시","계",-,-,-,-,-,-,-,-,-,-,-,-,-,-,-,-,-,-,-,-,-,-,-,-,-,-,-,-,-,-,-,-,-,-,-,-,-,-,-,-,-,-,-,-,-,-,-,-,-,-,-,-,-,-,-,-,-,-,-,-,-,-,-,-,206,130,127,3,76,63.0,61.8,2.0,219,137,134,3,82,62.7,61.2,2.4,234,147,144,3,87,62.8,61.6,1.9,249,159,156,3,90,63.8,62.4,2.1,263,168,165,3,95,63.8,62.7,1.8,275,178,173,5,97,64.6,63.0,2.6,283,183,177,6,101,64.4,62.5,3.1,291,187,184,3,104,64.2,63.0,1.8,294,192,187,6,102,65.5,63.5,2.9,299,191,188,2,108,63.7,62.9,1.3,306,199,196,4,107,65.2,64.0,1.8,315,205,202,3,110,65.1,64.2,1.5,321,214,210,5,107,66.7,65.3,2.1
"세종특별자치시","남자",-,-,-,-,-,-,-,-,-,-,-,-,-,-,-,-,-,-,-,-,-,-,-,-,-,-,-,-,-,-,-,-,-,-,-,-,-,-,-,-,-,-,-,-,-,-,-,-,-,-,-,-,-,-,-,-,-,-,-,-,-,-,-,-,103,78,76,2,24,76.2,74.2,2.7,109,82,80,2,27,75.3,73.5,2.5,116,87,86,1,29,74.9,73.8,1.5,124,93,92,1,31,75.1,74.3,1.0,131,99,97,2,32,75.3,73.8,2.0,137,104,101,3,33,75.8,73.7,2.8,141,107,103,4,34,75.6,73.0,3.4,145,110,108,2,35,75.6,74.3,1.8,147,114,111,3,33,77.6,75.5,2.7,149,112,110,1,37,74.9,74.0,1.3,152,118,115,3,34,77.7,75.9,2.4,156,120,119,2,36,77.0,75.9,1.4,159,124,121,2,36,77.7,76.2,1.9
"세종특별자치시","여자",-,-,-,-,-,-,-,-,-,-,-,-,-,-,-,-,-,-,-,-,-,-,-,-,-,-,-,-,-,-,-,-,-,-,-,-,-,-,-,-,-,-,-,-,-,-,-,-,-,-,-,-,-,-,-,-,-,-,-,-,-,-,-,-,103,52,51,1,52,50.0,49.4,1.1,110,55,54,1,55,50.2,49.0,2.4,118,60,58,2,58,50.7,49.5,2.5,125,66,63,2,59,52.6,50.6,3.7,132,69,68,1,63,52.5,51.6,1.6,138,74,72,2,64,53.6,52.3,2.4,142,76,74,2,66,53.4,52.0,2.6,146,77,76,1,69,52.8,51.9,1.8,147,79,76,3,69,53.4,51.6,3.3,150,79,78,1,71,52.6,52.0,1.2,154,81,80,1,73,52.8,52.2,1.0,158,85,83,1,74,53.4,52.5,1.7,162,91,88,2,71,55.9,54.5,2.5
"경기도","계",9945,6176,5975,201,3769,62.1,60.1,3.3,10043,6339,6180,159,3704,63.1,61.5,2.5,10141,6505,6252,253,3635,64.2,61.7,3.9,10233,6569,6381,188,3664,64.2,62.4,2.9,10325,6663,6400,263,3662,64.5,62.0,4.0,10422,6693,6464,230,3729,64.2,62.0,3.4,10505,6770,6458,312,3735,64.4,61.5,4.6,10609,6819,6569,251,3790,64.3,61.9,3.7,10717,6984,6660,324,3733,65.2,62.1,4.6,10820,7010,6780,230,3809,64.8,62.7,3.3,10908,7078,6796,282,3830,64.9,62.3,4.0,11028,7109,6839,270,3919,64.5,62.0,3.8,11181,7227,6924,303,3954,64.6,61.9,4.2,11313,7270,7041,229,4043,64.3,62.2,3.2,11410,7138,6852,286,4273,62.6,60.1,4.0,11514,7195,6920,276,4319,62.5,60.1,3.8,11644,7376,7062,314,4268,63.3,60.6,4.3,11764,7532,7314,218,4232,64.0,62.2,2.9,11856,7820,7601,219,4036,66.0,64.1,2.8,11925,7843,7658,185,4082,65.8,64.2,2.4,11941,7821,7610,211,4121,65.5,63.7,2.7
"경기도","남자",4927,3731,3603,127,1196,75.7,73.1,3.4,4978,3788,3693,96,1190,76.1,74.2,2.5,5029,3857,3714,143,1171,76.7,73.9,3.7,5076,3906,3784,121,1170,76.9,74.5,3.1,5124,3931,3799,132,1193,76.7,74.1,3.4,5172,3947,3807,140,1226,76.3,73.6,3.6,5204,3983,3801,182,1221,76.5,73.0,4.6,5257,4005,3873,131,1252,76.2,73.7,3.3,5315,4100,3911,190,1215,77.1,73.6,4.6,5369,4109,3963,146,1260,76.5,73.8,3.6,5414,4169,3994,175,1244,77.0,73.8,4.2,5479,4174,4013,161,1305,76.2,73.2,3.9,5564,4230,4050,180,1334,76.0,72.8,4.3,5635,4254,4106,148,1381,75.5,72.9,3.5,5686,4223,4053,170,1463,74.3,71.3,4.0,5742,4276,4108,169,1466,74.5,71.5,3.9,5813,4345,4155,190,1468,74.7,71.5,4.4,5872,4384,4271,113,1488,74.7,72.7,2.6,5909,4506,4406,100,1403,76.3,74.6,2.2,5944,4560,4459,101,1384,76.7,75.0,2.2,5953,4508,4378,130,1445,75.7,73.5,2.9
"경기도","여자",5018,2445,2371,74,2572,48.7,47.3,3.0,5065,2551,2488,63,2514,50.4,49.1,2.5,5112,2648,2538,110,2464,51.8,49.6,4.2,5157,2663,2597,67,2494,51.6,50.3,2.5,5201,2732,2601,131,2469,52.5,50.0,4.8,5250,2746,2657,90,2504,52.3,50.6,3.3,5301,2788,2658,130,2514,52.6,50.1,4.7,5352,2815,2696,119,2537,52.6,50.4,4.2,5402,2884,2750,134,2518,53.4,50.9,4.6,5451,2901,2817,84,2550,53.2,51.7,2.9,5494,2908,2802,107,2586,52.9,51.0,3.7,5549,2936,2827,109,2614,52.9,50.9,3.7,5617,2998,2874,123,2620,53.4,51.2,4.1,5678,3017,2936,81,2662,53.1,51.7,2.7,5724,2915,2799,116,2809,50.9,48.9,4.0,5773,2919,2812,107,2854,50.6,48.7,3.7,5831,3031,2907,124,2800,52.0,49.9,4.1,5893,3148,3043,105,2744,53.4,51.6,3.3,5947,3314,3195,119,2633,55.7,53.7,3.6,5981,3283,3199,84,2697,54.9,53.5,2.6,5988,3313,3232,81,2675,55.3,54.0,2.5
"강원도","계",1252,737,723,14,515,58.9,57.7,2.0,1258,748,731,17,510,59.5,58.1,2.3,1264,772,749,23,492,61.0,59.2,3.0,1270,772,752,20,499,60.7,59.2,2.6,1278,773,750,24,504,60.5,58.7,3.1,1284,790,771,19,494,61.5,60.0,2.4,1286,778,760,18,508,60.5,59.1,2.3,1290,797,780,17,493,61.8,60.4,2.2,1294,823,805,17,471,63.6,62.3,2.1,1297,845,819,26,452,65.1,63.2,3.0,1299,829,804,25,470,63.8,61.9,3.0,1301,840,820,20,461,64.6,63.0,2.4,1303,861,831,30,442,66.1,63.8,3.4,1304,864,841,24,439,66.3,64.5,2.7,1306,834,801,33,473,63.8,61.3,3.9,1308,839,817,22,469,64.1,62.4,2.7,1315,844,818,26,472,64.1,62.2,3.0,1320,865,841,24,455,65.5,63.7,2.8,1320,848,826,22,472,64.3,62.6,2.6,1326,868,847,21,458,65.4,63.9,2.4,1327,883,861,22,444,66.5,64.9,2.5
"강원도","남자",610,423,416,7,187,69.4,68.2,1.7,614,428,418,10,185,69.8,68.1,2.4,617,445,429,16,172,72.1,69.6,3.6,621,434,423,11,187,69.9,68.2,2.5,625,435,420,15,191,69.5,67.2,3.3,629,439,427,12,190,69.8,67.9,2.7,629,431,426,6,197,68.6,67.7,1.4,631,440,429,11,191,69.8,68.0,2.5,633,458,449,9,175,72.4,71.0,2.0,634,466,451,15,168,73.4,71.1,3.2,635,452,438,14,183,71.2,69.0,3.1,637,465,451,14,172,73.1,70.9,3.0,639,474,457,17,165,74.2,71.5,3.6,640,473,461,13,167,74.0,72.0,2.6,640,466,448,18,175,72.7,70.0,3.8,642,458,448,10,184,71.4,69.8,2.1,647,459,444,15,188,70.9,68.6,3.3,650,466,450,15,184,71.7,69.3,3.3,648,453,443,11,194,70.0,68.3,2.4,651,465,454,11,186,71.4,69.7,2.3,649,467,455,12,182,71.9,70.1,2.6
"강원도","여자",642,314,306,7,328,48.9,47.8,2.3,644,319,313,7,325,49.6,48.5,2.1,647,327,319,7,321,50.5,49.4,2.2,650,338,328,9,312,51.9,50.5,2.8,652,339,329,9,314,51.9,50.5,2.7,655,351,344,7,304,53.5,52.5,2.0,657,347,335,12,311,52.7,50.9,3.4,659,356,350,6,303,54.1,53.1,1.7,661,364,356,8,296,55.1,53.9,2.2,662,379,368,11,283,57.2,55.6,2.8,664,376,366,11,287,56.7,55.1,2.8,665,375,369,7,290,56.4,55.5,1.7,664,387,374,12,277,58.2,56.4,3.2,664,391,380,11,273,58.9,57.2,2.8,666,368,353,15,298,55.3,53.0,4.1,667,381,368,13,286,57.2,55.3,3.3,668,385,374,11,283,57.6,56.0,2.8,670,399,390,9,271,59.5,58.2,2.2,672,395,384,12,277,58.8,57.1,2.9,675,403,393,10,272,59.7,58.2,2.5,677,416,406,10,261,61.4,59.9,2.4
"충청북도","계",1304,805,793,13,499,61.8,60.8,1.6,1313,834,820,14,479,63.5,62.4,1.7,1323,858,830,28,465,64.9,62.7,3.3,1332,872,851,21,460,65.5,63.9,2.4,1342,871,842,29,471,64.9,62.8,3.3,1351,886,873,13,465,65.6,64.6,1.5,1360,873,845,28,487,64.2,62.1,3.2,1367,883,863,21,484,64.6,63.1,2.3,1373,889,868,21,485,64.7,63.2,2.4,1379,905,891,14,474,65.6,64.6,1.5,1382,911,889,22,472,65.9,64.3,2.4,1388,910,892,18,478,65.6,64.2,2.0,1397,917,883,34,481,65.6,63.2,3.7,1404,918,901,18,486,65.4,64.1,1.9,1407,914,887,27,493,65.0,63.1,2.9,1410,920,890,30,490,65.2,63.1,3.3,1414,918,897,22,496,64.9,63.4,2.4,1419,938,921,17,481,66.1,64.9,1.8,1425,953,928,25,471,66.9,65.2,2.6,1430,956,942,15,473,66.9,65.9,1.5,1433,969,949,20,464,67.6,66.2,2.1
"충청북도","남자",645,465,459,7,179,72.2,71.1,1.4,650,484,475,9,166,74.5,73.1,1.8,656,494,478,16,162,75.3,72.8,3.3,661,496,482,14,165,75.0,73.0,2.7,666,500,481,19,166,75.1,72.3,3.8,671,503,497,6,169,74.9,74.0,1.1,677,502,486,16,175,74.1,71.8,3.2,681,496,485,11,185,72.8,71.3,2.1,685,504,493,11,181,73.6,71.9,2.3,688,518,511,7,170,75.3,74.3,1.3,690,530,517,12,161,76.7,74.9,2.3,695,530,520,10,165,76.3,74.8,2.0,701,527,507,20,174,75.1,72.3,3.8,706,527,515,12,180,74.6,72.9,2.2,708,531,515,16,178,74.9,72.7,3.0,710,525,505,20,185,73.9,71.1,3.9,713,530,516,14,183,74.3,72.4,2.5,716,535,524,11,180,74.8,73.2,2.1,718,547,536,11,172,76.1,74.7,1.9,722,555,543,12,167,76.9,75.2,2.2,725,567,554,14,157,78.3,76.4,2.4
"충청북도","여자",659,340,334,6,319,51.6,50.7,1.8,663,350,345,5,314,52.7,51.9,1.5,668,365,352,12,303,54.6,52.8,3.3,672,377,369,8,295,56.1,54.9,2.0,676,371,361,10,305,54.9,53.4,2.7,679,383,376,7,296,56.4,55.3,1.9,683,371,360,11,312,54.3,52.6,3.1,686,388,378,10,299,56.5,55.0,2.6,688,385,375,10,304,55.9,54.5,2.5,691,387,380,7,304,56.0,55.0,1.8,692,381,372,10,311,55.1,53.7,2.5,694,380,372,8,314,54.8,53.6,2.1,696,390,376,14,306,56.0,54.0,3.6,698,392,385,6,306,56.1,55.2,1.6,699,384,373,11,316,54.9,53.3,2.8,700,395,385,10,305,56.4,55.0,2.5,701,389,381,8,313,55.4,54.3,2.1,704,403,397,6,301,57.3,56.4,1.5,706,407,392,15,300,57.6,55.5,3.6,708,402,399,3,306,56.7,56.4,0.6,709,402,395,7,307,56.7,55.8,1.7
"충청남도","계",1812,1194,1164,30,618,65.9,64.2,2.5,1833,1205,1175,30,627,65.8,64.1,2.5,1854,1217,1178,40,637,65.7,63.5,3.3,1881,1236,1200,36,645,65.7,63.8,2.9,1912,1256,1206,50,656,65.7,63.1,4.0,1944,1280,1240,40,664,65.8,63.8,3.1,1975,1265,1222,43,710,64.0,61.9,3.4,2004,1303,1273,30,701,65.0,63.5,2.3,1825,1187,1149,37,638,65.0,63.0,3.2,1839,1210,1178,32,629,65.8,64.1,2.6,1850,1220,1182,38,630,65.9,63.9,3.1,1862,1256,1219,38,606,67.5,65.4,3.0,1875,1249,1209,40,626,66.6,64.5,3.2,1884,1259,1229,30,625,66.8,65.2,2.4,1884,1216,1173,43,669,64.5,62.3,3.5,1885,1254,1220,34,631,66.5,64.7,2.7,1890,1236,1203,33,655,65.4,63.7,2.6,1896,1258,1239,19,638,66.3,65.4,1.5,1904,1250,1221,29,654,65.7,64.1,2.4,1913,1304,1283,21,609,68.2,67.1,1.6,1922,1290,1255,36,631,67.1,65.3,2.8
"충청남도","남자",909,712,694,18,197,78.4,76.4,2.5,920,722,703,20,197,78.6,76.4,2.7,931,724,698,26,207,77.7,74.9,3.6,945,731,712,19,215,77.3,75.3,2.6,961,750,720,30,211,78.0,74.9,4.0,978,752,732,20,226,76.9,74.9,2.7,993,758,733,25,235,76.3,73.8,3.3,1008,785,765,20,223,77.9,75.9,2.5,920,715,694,21,206,77.7,75.4,3.0,928,716,693,23,212,77.1,74.7,3.1,935,718,694,24,217,76.8,74.3,3.3,942,734,714,21,208,77.9,75.7,2.8,951,739,716,23,211,77.8,75.3,3.1,957,733,716,17,224,76.6,74.8,2.3,957,719,696,23,238,75.1,72.7,3.1,958,729,711,18,229,76.1,74.2,2.5,963,725,708,17,238,75.3,73.5,2.3,967,738,726,12,229,76.4,75.1,1.7,970,734,715,19,236,75.7,73.7,2.6,975,754,740,14,221,77.3,76.0,1.8,981,748,728,20,232,76.3,74.2,2.7
"충청남도","여자",904,482,470,12,422,53.3,52.0,2.5,913,483,472,11,430,52.9,51.7,2.2,923,493,480,14,429,53.5,52.0,2.8,936,506,489,17,430,54.0,52.2,3.4,951,506,486,20,445,53.2,51.1,3.9,967,528,508,20,439,54.6,52.5,3.8,982,507,489,18,475,51.6,49.8,3.6,996,518,508,10,478,52.0,51.0,1.9,905,472,456,16,433,52.2,50.4,3.4,910,494,485,10,416,54.3,53.2,1.9,915,502,488,14,414,54.8,53.3,2.9,920,522,505,17,398,56.8,54.9,3.3,924,510,493,17,415,55.1,53.4,3.2,927,527,513,13,401,56.8,55.3,2.5,927,497,477,20,430,53.6,51.4,4.1,927,524,509,15,402,56.6,55.0,2.9,927,511,495,16,416,55.1,53.4,3.1,929,520,513,6,410,55.9,55.2,1.2,934,516,506,10,418,55.2,54.1,2.0,938,550,542,8,388,58.6,57.8,1.4,941,542,527,15,399,57.6,55.9,2.9
"전라북도","계",1525,919,899,20,606,60.2,58.9,2.2,1533,937,923,14,596,61.1,60.2,1.5,1542,929,907,22,612,60.3,58.8,2.4,1549,961,938,24,588,62.1,60.5,2.5,1557,947,928,19,610,60.8,59.6,2.0,1562,962,946,16,600,61.6,60.6,1.7,1568,976,949,27,592,62.2,60.5,2.7,1570,977,966,11,593,62.2,61.5,1.2,1571,964,936,28,607,61.4,59.6,2.9,1571,950,935,15,622,60.4,59.5,1.5,1569,951,921,30,618,60.6,58.7,3.2,1568,951,933,18,616,60.7,59.5,1.9,1565,961,933,29,603,61.4,59.6,3.0,1561,961,933,28,599,61.6,59.8,2.9,1557,938,913,25,619,60.2,58.7,2.6,1553,978,956,22,576,62.9,61.6,2.2,1555,971,948,23,584,62.4,61.0,2.4,1556,987,972,15,569,63.5,62.5,1.5,1557,1001,976,25,556,64.3,62.7,2.5,1556,1001,985,15,556,64.3,63.3,1.5,1554,1012,980,32,542,65.1,63.1,3.2
"전라북도","남자",740,532,519,13,208,71.9,70.2,2.4,745,545,535,10,200,73.2,71.9,1.8,751,544,531,13,207,72.5,70.7,2.4,755,556,542,14,199,73.6,71.8,2.5,760,538,528,10,222,70.8,69.4,1.9,764,546,539,7,217,71.5,70.6,1.3,767,565,544,21,202,73.7,71.0,3.7,768,550,542,8,218,71.7,70.6,1.5,769,554,534,20,215,72.1,69.5,3.6,769,540,532,8,229,70.2,69.1,1.5,768,548,527,20,221,71.3,68.6,3.7,768,545,534,12,222,71.0,69.5,2.1,767,540,520,20,227,70.4,67.7,3.8,766,547,529,18,219,71.4,69.0,3.4,764,537,519,18,226,70.4,68.0,3.4,762,547,533,14,215,71.8,69.9,2.6,764,545,532,13,219,71.3,69.6,2.4,765,555,544,11,210,72.5,71.1,2.0,766,555,538,17,211,72.5,70.2,3.1,766,548,540,9,218,71.5,70.4,1.5,767,546,528,19,220,71.3,68.8,3.4
"전라북도","여자",785,386,379,7,399,49.2,48.3,1.8,788,392,388,4,396,49.8,49.2,1.0,791,386,376,9,405,48.7,47.6,2.4,794,405,396,10,389,51.0,49.8,2.4,797,409,400,9,388,51.3,50.2,2.1,799,416,407,9,383,52.1,50.9,2.2,801,410,405,6,391,51.2,50.5,1.4,802,427,424,3,375,53.2,52.8,0.7,802,410,402,9,392,51.1,50.1,2.1,802,410,404,6,393,51.1,50.3,1.5,801,404,393,10,398,50.4,49.1,2.5,800,406,400,6,394,50.7,50.0,1.5,797,421,413,8,376,52.8,51.8,2.0,795,414,405,10,381,52.1,50.9,2.4,793,400,394,6,393,50.5,49.7,1.6,791,431,424,7,360,54.5,53.5,1.7,791,426,416,10,365,53.8,52.6,2.2,791,432,428,4,358,54.7,54.2,0.9,791,446,438,8,345,56.4,55.4,1.8,790,453,446,7,337,57.3,56.4,1.5,788,466,453,13,321,59.2,57.5,2.9
"전라남도","계",1501,970,951,19,531,64.6,63.3,2.0,1508,982,964,18,527,65.1,63.9,1.8,1517,990,957,33,527,65.3,63.1,3.3,1524,995,972,23,529,65.3,63.8,2.3,1530,980,959,21,550,64.0,62.7,2.1,1535,1001,981,20,535,65.2,63.9,2.0,1538,996,970,26,542,64.8,63.1,2.6,1540,1019,989,30,521,66.2,64.2,2.9,1541,991,956,35,550,64.3,62.1,3.5,1541,1004,981,23,537,65.1,63.6,2.3,1540,1000,968,32,540,64.9,62.8,3.2,1539,997,982,14,542,64.8,63.8,1.4,1537,1001,968,33,536,65.1,63.0,3.3,1533,1014,999,15,520,66.1,65.2,1.4,1527,985,960,25,542,64.5,62.9,2.5,1523,1001,988,13,522,65.7,64.9,1.3,1524,1006,982,24,518,66.0,64.4,2.4,1524,1028,1017,12,496,67.5,66.7,1.1,1525,1039,1013,26,486,68.1,66.4,2.5,1524,1040,1026,14,484,68.2,67.3,1.4,1524,1056,1035,21,468,69.3,67.9,2.0
"전라남도","남자",730,548,536,12,182,75.0,73.4,2.2,735,553,542,10,183,75.2,73.8,1.9,741,564,542,22,177,76.2,73.2,3.9,746,564,549,15,182,75.6,73.6,2.7,750,559,543,15,192,74.5,72.4,2.7,754,565,550,15,189,74.9,72.9,2.7,756,564,544,20,192,74.6,72.0,3.6,758,566,546,20,191,74.8,72.1,3.5,759,560,538,22,199,73.8,70.9,3.9,760,562,546,16,198,74.0,71.8,2.9,759,562,541,21,198,74.0,71.2,3.7,760,559,550,9,201,73.6,72.4,1.6,760,563,541,22,198,74.0,71.1,3.9,760,575,567,8,185,75.7,74.6,1.4,758,555,540,14,204,73.1,71.2,2.6,758,561,554,7,196,74.1,73.1,1.3,761,574,558,15,187,75.4,73.4,2.7,762,573,565,8,189,75.2,74.2,1.3,762,581,564,17,181,76.2,73.9,3.0,762,580,571,8,182,76.1,75.0,1.4,763,577,567,10,186,75.7,74.3,1.7
"전라남도","여자",771,422,415,7,349,54.8,53.8,1.7,773,429,422,7,344,55.5,54.6,1.7,776,426,415,11,350,54.9,53.4,2.7,778,431,424,8,347,55.4,54.4,1.8,780,421,416,6,358,54.0,53.3,1.3,781,436,431,5,345,55.8,55.2,1.0,782,432,426,6,350,55.3,54.5,1.4,782,452,443,10,330,57.8,56.6,2.1,782,431,418,13,351,55.1,53.5,3.0,781,442,435,7,339,56.6,55.7,1.6,781,438,427,12,342,56.1,54.7,2.6,780,438,432,6,342,56.1,55.4,1.3,777,438,427,11,338,56.5,55.0,2.5,773,438,432,7,335,56.7,55.8,1.5,769,430,420,10,339,56.0,54.7,2.3,765,440,434,6,325,57.5,56.8,1.3,763,432,423,9,331,56.6,55.5,2.1,762,455,451,4,307,59.7,59.2,0.9,763,458,450,8,305,60.0,58.9,1.8,763,460,454,6,302,60.4,59.6,1.3,761,479,468,11,282,62.9,61.5,2.3
"경상북도","계",2256,1457,1421,36,799,64.6,63.0,2.5,2266,1491,1443,48,775,65.8,63.7,3.2,2276,1504,1461,43,772,66.1,64.2,2.9,2285,1512,1473,39,774,66.1,64.4,2.6,2295,1497,1448,49,798,65.2,63.1,3.2,2302,1506,1469,36,797,65.4,63.8,2.4,2311,1491,1442,49,820,64.5,62.4,3.3,2315,1512,1470,42,803,65.3,63.5,2.8,2316,1503,1446,57,813,64.9,62.4,3.8,2316,1502,1468,34,814,64.8,63.4,2.2,2315,1496,1439,57,819,64.6,62.1,3.8,2317,1513,1462,51,804,65.3,63.1,3.3,2318,1496,1423,73,822,64.5,61.4,4.9,2319,1502,1457,45,816,64.8,62.9,3.0,2321,1455,1395,60,866,62.7,60.1,4.1,2320,1489,1438,51,831,64.2,62.0,3.4,2313,1468,1408,60,845,63.5,60.9,4.1,2309,1474,1450,25,835,63.9,62.8,1.7,2325,1507,1471,36,818,64.8,63.3,2.4,2327,1528,1493,35,799,65.6,64.2,2.3,2316,1533,1492,41,783,66.2,64.4,2.6
"경상북도","남자",1107,838,814,24,269,75.7,73.5,2.9,1114,847,817,30,267,76.0,73.3,3.6,1120,867,842,26,253,77.4,75.1,3.0,1126,866,841,25,260,76.9,74.7,2.8,1131,870,844,26,261,76.9,74.6,3.0,1137,873,848,25,263,76.8,74.6,2.8,1144,875,842,34,269,76.5,73.6,3.8,1147,883,860,24,264,77.0,75.0,2.7,1149,876,843,34,273,76.3,73.3,3.9,1150,875,852,23,274,76.1,74.1,2.7,1150,872,839,33,278,75.9,73.0,3.8,1152,876,846,30,275,76.1,73.5,3.5,1154,871,823,48,283,75.5,71.3,5.5,1156,868,836,32,288,75.1,72.3,3.7,1158,855,816,39,303,73.8,70.5,4.6,1158,867,838,29,291,74.9,72.4,3.3,1156,867,826,40,290,75.0,71.5,4.6,1154,857,842,16,297,74.3,72.9,1.8,1164,874,854,20,290,75.1,73.4,2.2,1166,875,854,21,290,75.1,73.3,2.4,1161,874,849,25,287,75.3,73.1,2.9
"경상북도","여자",1149,619,607,12,530,53.9,52.9,1.9,1152,644,626,18,508,55.9,54.3,2.8,1156,637,620,18,519,55.1,53.6,2.8,1160,646,631,15,514,55.7,54.4,2.2,1163,626,604,22,537,53.8,51.9,3.6,1166,632,621,11,533,54.2,53.3,1.8,1167,616,600,16,552,52.7,51.4,2.6,1168,629,610,19,539,53.8,52.2,3.0,1167,626,603,23,541,53.7,51.7,3.7,1166,626,616,10,540,53.7,52.9,1.6,1166,624,599,24,542,53.5,51.4,3.9,1165,637,616,20,529,54.6,52.9,3.2,1164,625,599,25,539,53.7,51.5,4.1,1163,634,621,13,529,54.5,53.4,2.0,1163,600,579,21,563,51.6,49.8,3.4,1162,622,600,22,540,53.5,51.6,3.5,1157,601,582,20,556,52.0,50.3,3.2,1155,617,608,9,538,53.4,52.7,1.5,1161,633,617,16,528,54.5,53.1,2.6,1161,652,638,14,509,56.2,55.0,2.1,1155,659,644,15,496,57.1,55.8,2.3
"경상남도","계",2711,1674,1642,32,1037,61.8,60.6,1.9,2729,1701,1666,35,1028,62.3,61.0,2.1,2750,1719,1672,46,1031,62.5,60.8,2.7,2768,1701,1656,45,1067,61.4,59.8,2.7,2786,1729,1687,42,1057,62.1,60.5,2.4,2799,1772,1727,45,1027,63.3,61.7,2.6,2808,1755,1699,56,1053,62.5,60.5,3.2,2817,1777,1728,49,1040,63.1,61.3,2.8,2827,1797,1740,56,1030,63.6,61.6,3.1,2834,1786,1744,42,1048,63.0,61.5,2.3,2841,1798,1733,65,1043,63.3,61.0,3.6,2849,1816,1764,53,1033,63.8,61.9,2.9,2853,1827,1741,85,1027,64.0,61.0,4.7,2856,1821,1767,53,1035,63.7,61.9,2.9,2853,1783,1713,69,1071,62.5,60.0,3.9,2853,1808,1735,73,1045,63.4,60.8,4.0,2855,1817,1748,69,1038,63.7,61.2,3.8,2854,1812,1755,56,1042,63.5,61.5,3.1,2853,1825,1763,62,1029,63.9,61.8,3.4,2848,1795,1748,47,1052,63.0,61.4,2.6,2842,1817,1781,36,1025,63.9,62.7,2.0
"경상남도","남자",1347,1004,984,20,343,74.5,73.0,2.0,1358,1008,984,24,350,74.2,72.5,2.3,1369,1006,979,27,363,73.5,71.5,2.7,1379,1013,983,30,366,73.4,71.3,2.9,1389,1036,1014,21,353,74.6,73.0,2.1,1396,1037,1012,25,359,74.3,72.5,2.4,1401,1046,1014,32,355,74.7,72.4,3.0,1406,1061,1031,30,346,75.4,73.3,2.8,1412,1064,1025,39,348,75.4,72.6,3.7,1416,1068,1041,27,348,75.4,73.5,2.5,1420,1066,1028,39,353,75.1,72.4,3.6,1423,1080,1046,35,343,75.9,73.5,3.2,1426,1073,1020,54,353,75.3,71.5,5.0,1428,1057,1033,24,371,74.0,72.3,2.3,1427,1047,1006,42,380,73.4,70.5,4.0,1428,1059,1008,52,369,74.2,70.6,4.9,1432,1049,1011,38,382,73.3,70.6,3.6,1431,1042,1010,32,389,72.8,70.6,3.0,1430,1059,1026,33,371,74.1,71.8,3.1,1427,1036,1009,27,391,72.6,70.7,2.6,1426,1027,1003,23,400,72.0,70.3,2.3
"경상남도","여자",1364,670,658,12,694,49.1,48.3,1.8,1372,694,682,12,678,50.6,49.7,1.7,1381,712,693,19,669,51.6,50.2,2.7,1389,688,673,16,701,49.5,48.4,2.3,1397,694,673,21,704,49.6,48.1,3.0,1403,735,715,20,668,52.4,51.0,2.7,1407,709,684,24,698,50.4,48.6,3.4,1411,716,697,19,695,50.8,49.4,2.7,1414,732,716,17,682,51.8,50.6,2.3,1418,718,704,15,700,50.7,49.6,2.0,1422,732,705,26,690,51.5,49.6,3.6,1426,736,718,18,690,51.6,50.4,2.4,1427,753,722,32,674,52.8,50.6,4.2,1428,763,734,30,664,53.5,51.4,3.9,1426,735,708,28,691,51.6,49.6,3.7,1425,749,727,22,676,52.6,51.0,2.9,1423,768,737,31,655,54.0,51.8,4.0,1423,770,745,24,653,54.1,52.4,3.2,1423,766,737,29,658,53.8,51.8,3.8,1421,760,740,20,661,53.5,52.0,2.7,1416,790,777,13,626,55.8,54.9,1.6
"제주특별자치도","계",462,312,306,6,150,67.6,66.2,2.0,469,319,315,4,149,68.2,67.3,1.3,475,329,320,9,147,69.1,67.3,2.6,483,334,329,5,149,69.2,68.1,1.6,491,336,328,8,156,68.3,66.8,2.3,500,357,351,6,143,71.3,70.2,1.6,509,356,349,6,153,69.9,68.6,1.8,517,371,365,6,147,71.6,70.5,1.5,525,382,375,7,143,72.7,71.4,1.7,532,381,374,7,152,71.5,70.2,1.8,540,376,370,6,164,69.6,68.5,1.6,549,385,375,11,163,70.2,68.3,2.7,556,389,378,10,167,69.9,68.1,2.6,561,395,389,6,166,70.5,69.3,1.6,563,380,370,10,183,67.5,65.8,2.6,564,389,381,8,175,68.9,67.5,2.1,567,405,389,16,161,71.5,68.7,3.9,570,393,386,7,177,69.0,67.7,1.9,573,402,393,9,172,70.1,68.5,2.2,576,423,416,7,153,73.5,72.2,1.7,579,407,398,9,172,70.4,68.8,2.3
"제주특별자치도","남자",226,170,166,4,56,75.3,73.4,2.5,230,173,171,2,57,75.2,74.2,1.3,233,179,175,4,55,76.5,74.8,2.2,238,184,181,3,53,77.5,76.2,1.8,242,185,181,5,57,76.5,74.6,2.5,247,195,191,4,52,79.1,77.6,1.9,251,194,190,4,56,77.5,75.8,2.2,255,198,194,4,57,77.6,76.1,1.9,260,204,201,3,56,78.6,77.3,1.6,264,203,198,5,61,77.1,75.1,2.5,268,204,201,3,64,76.1,75.1,1.3,272,211,205,6,62,77.4,75.2,2.8,276,214,209,5,62,77.7,75.7,2.5,279,212,208,4,66,76.3,74.8,1.9,280,205,198,7,75,73.2,70.7,3.4,281,209,204,5,72,74.4,72.6,2.5,282,217,209,9,65,77.0,73.9,4.0,283,213,209,4,71,75.1,73.9,1.7,284,217,212,5,68,76.2,74.5,2.2,285,227,221,5,59,79.4,77.6,2.3,287,222,216,6,65,77.4,75.4,2.6
"제주특별자치도","여자",236,142,140,2,94,60.2,59.3,1.4,239,147,145,2,92,61.4,60.6,1.4,242,150,145,5,92,62.0,60.1,3.1,246,150,148,2,95,61.2,60.3,1.3,249,151,148,3,99,60.4,59.2,2.1,254,162,160,2,92,63.8,63.0,1.2,258,161,159,2,97,62.4,61.6,1.3,262,173,171,2,90,65.8,65.1,1.1,265,178,174,3,88,66.9,65.7,1.9,268,177,176,2,91,66.1,65.4,1.0,272,172,169,3,100,63.2,62.1,1.8,276,175,170,5,102,63.2,61.5,2.6,280,174,169,5,106,62.3,60.5,2.9,282,183,181,2,99,64.8,64.0,1.3,283,175,172,3,108,61.9,60.9,1.6,284,180,177,3,103,63.5,62.5,1.7,285,188,181,7,97,66.0,63.6,3.7,287,181,177,4,106,63.0,61.7,2.1,289,185,181,4,104,64.0,62.7,2.1,291,197,195,2,94,67.6,66.9,1.0,292,185,182,4,107,63.5,62.3,1.9
